<?xml version="1.0" encoding="UTF-8"?>
<project-private xmlns="http://www.netbeans.org/ns/project-private/1">
    <editor-bookmarks xmlns="http://www.netbeans.org/ns/editor-bookmarks/2" lastBookmarkId="0"/>
    <open-files xmlns="http://www.netbeans.org/ns/projectui-open-files/2">
        <group>
            <file>file:/C:/Users/jmoli/Documents/UVG/2019/1erSemestre/Digital/Proyectos/iRoom/iRoom/SL3.X/timer1.h</file>
            <file>file:/C:/Users/jmoli/Documents/UVG/2019/1erSemestre/Digital/Proyectos/iRoom/iRoom/SL3.X/dht11_h.c</file>
            <file>file:/C:/Users/jmoli/Documents/UVG/2019/1erSemestre/Digital/Proyectos/iRoom/iRoom/SL3.X/Esclavo3.c</file>
            <file>file:/C:/Users/jmoli/Documents/UVG/2019/1erSemestre/Digital/Proyectos/iRoom/iRoom/SL3.X/dht11_h.h</file>
        </group>
    </open-files>
</project-private>
